name,industry,maternity_leave,unpaid_maternity_leave,paternity_leave,unpaid_paternity_leave
Bill and Melinda Gates Foundation,Philanthropy,52,,,
Netflix,Technology: Consumer Internet,52,0,52,52
"Automattic, Inc.",Technology: Consumer Internet,32,0,,
Adobe Systems,Technology: Software,26,6,4,4
Organizer Inc.,Technology: Software,26,,,
Worldpay,Technology: Payments,26,,,
Etsy,Technology: Consumer Internet,26,,,
Motorola Mobility,Technology: Manufacturing,24,,,
Open Society Foundations,Philanthropy,24,,24,24
eBay Inc.,Technology: Consumer Internet,24,6,12,12
Spotify,Technology: Consumer Internet,24,,,
ZestFinance,Finance: Loans,24,,,
FireEye Inc.,Technology: Security,22,,,
"Orrick, Herrington & Sutcliffe LLP",Law Firm,22,,,
Avaya,Technology: B2B Tech Services,22,,,
Microsoft,Technology: Software,20,0,12,12
Google,Technology: Consumer Internet,20,11,10,10
Credit Suisse,Finance: Diversified,20,,1,1
Atlassian,Technology: Software,20,,,
Stonyfield Farm,Consumer Packaged Goods: Packaged Foods,20,,,
Twitter,Technology: Consumer Internet,20,0,20,20
Yammer,Technology: Software,20,0,,
Squire Patton Boggs,Law Firm,18,,,
Blizzard Entertainment Inc.,Technology: Gaming,18,4,12,12
BakerHostetler LLP,Law Firm,18,6,,
Davis Polk & Wardwell LLP,Law Firm,18,7,,
Akin Gump Strauss Hauer & Feld LLP,Law Firm,18,,,
Cooley LLP,Law Firm,18,,,
"Cadwalader, Wickersham & Taft LLP",Law Firm,18,,,
Perkins Coie,Law Firm,18,,,
Paul Weiss,Law Firm,18,,,
Foley & Lardner LLP,Law Firm,18,,,
Bracewell & Guiliani LLP,Law Firm,18,,,
WilmerHale,Law Firm,18,,,
Bloomberg,Information Services: Financial,18,2,4,4
Mayer Brown,Law Firm,18,,,
Williams & Connelly LLP,Law Firm,18,,,
Allen & Overy,Law Firm,18,,,
Sidley Austin LLP,Law Firm,18,8,,
Dechert LLP,Law Firm,18,8,,
Change.org,Technology: Consumer Internet,18,,,
Baker & McKenzie,Law Firm,18,,,
"Cravath, Swaine & Moore LLP",Law Firm,18,,,
Linklaters LLP,Law Firm,18,,,
Cahill Gordon & Reindel LLP,Law Firm,18,,,
Mailchimp,Advertising,18,0,,
Pepper Hamilton,Law Firm,18,,,
Arnold & Porter LLP,Law Firm,18,6,,
Clifford Chance LLP,Law Firm,18,,,
Apple,Technology: Manufacturing,18,12,6,6
Kirkland & Ellis LLP,Law Firm,18,,,
"Finnegan, Henderson, Farabow, Garrett & Dunner, LLP",Law Firm,18,,,
Hogan Lovells,Law Firm,18,,,
Chadbourne & Parke LLP,Law Firm,18,,,
Jones Day,Law Firm,18,9,,
Jenner & Block,Law Firm,18,,,
Crowell & Moring,Law Firm,18,,,
Youtube,Technology: Consumer Internet,18,,,
Covington & Burling LLP,Law Firm,18,,,
McDermott Will & Emery,Law Firm,18,,,
Brown Rudnick LLP,Law Firm,18,,,
Cleary Gottlieb Steen & Hamilton LLP,Law Firm,18,,,
Gunderson Dettmer,Law Firm,18,,,
Squarespace,Technology: Consumer Internet,18,,,
Wilson Sonsini Goodrich & Rosati,Law Firm,18,6,,
Sullivan & Cromwell LLP,Law Firm,18,,,
Paul Hastings,Law Firm,18,,,
Deutsche Bank,Finance: Diversified,17,,,
Uber,Technology: Consumer Internet,17,2,,
Schlumberger,Natural Resources: Oilfield Services,17,12,,
DLA Piper,Law Firm,17,,16,16
Reddit,Technology: Consumer Internet,17,,,
Facebook,Technology: Consumer Internet,17,10,17,17
Opower,Technology: Software,17,,,
Instagram,Technology: Consumer Internet,17,,,
optimizely,Technology: B2B Tech Services,17,,,
Zillow,Technology: Consumer Internet,16,,,
Morgan Lewis & Bockius LLP,Law Firm,16,,,
The Nation,Publishing,16,,,
JP Morgan Chase & Co,Finance: Diversified,16,7,2,2
Gamechanger,Technology: Consumer Internet,16,4,,
California Certified Organic Farmers,Nonprofit: Environmental Organization,16,0,,
EY,Consulting Services,16,8,16,16
Blackstone Group,Finance: Diversified,16,,,
Bain & Company,Consulting Services,16,,8,2
Goldman Sachs,Finance: Diversified,16,16,4,4
Genentech,Healthcare: Biotechnology,16,,6,6
SAP,Technology: Software,16,6,6,6
Palantir,Technology: Software,16,,,
Github,Technology: Software,16,0,,
korn ferry,Business Services: Staffing & Outsourcing ,16,,,
Anheuser-Busch InBev,Consumer Packaged Goods: Beverages,16,,,
Proofpoint,Technology: Security,16,,,
"Quinn Emanuel Urquhart & Sullivan, LLP",Law Firm,16,,,
Holland & Knight LLP,Law Firm,16,,,
Yahoo!,Technology: Consumer Internet,16,0,8,8
 Applied Materials Inc,Technology: Manufacturing,16,,,
"Zendesk, Inc",Technology: Software,16,,,
Square,Technology: Payments,16,,,
Velir,Advertising,16,,,
"Fidelity Investments, Inc.",Finance: Asset Management,16,,6,6
SunEdison,Natural Resources: Diversified Energy ,16,,,
Factset Research Systems,Information Services: Financial,16,4,4,4
Groupon,Technology: Consumer Internet,16,,,
Reckitt Benckiser,Consumer Packaged Goods: Packaged Products,16,,,
Barclays Bank PLC,Finance: Diversified,16,,,
Vodafone Group PLC,Telecommunications,16,,,
Pinterest,Technology: Consumer Internet,16,,,
Johnson & Johnson,Pharmaceutical,16,,8,8
ustwo,Design ,16,,,
Sedgwick LLP,Law Firm,16,,,
marketo,Technology: Software,16,,,
"Wachtell, Lipton, Rosen & Katz",Law Firm,16,,,
Kickstarter,Technology: Consumer Internet,16,,,
Accenture,Consulting Services,16,12,2,2
15Five,Technology: Software,16,,,
Boston Consulting Group,Consulting Services,16,6,2,2
Intact Financial Corporation,Insurance: Property & Casualty,16,36,,
Fish & Richardson,Law Firm,16,,,
United Nations,Government: International,16,,,
"Airbnb, Inc.",Technology: Consumer Internet,16,,,
Dropbox,Technology: Consumer Internet,16,,8,8
Meetup Inc.,Technology: Consumer Internet,16,,,
Amazon,Technology: Consumer Internet,16,0,6,6
Blank Rome LLP,Law Firm,16,4,,
Nature Conservancy,Nonprofit: Environmental Organization,16,,,
The Honest Company,Consumer Packaged Goods: Packaged Products,16,,,
PayPal,Technology: Payments,16,0,,
L’Oreal Group,Cosmetics,16,10,,
Linkedin,Technology: Consumer Internet,16,,6,6
KPMG,Consulting Services,16,0,2,2
Morgan Stanley,Finance: Diversified,16,,,
Media Math,Technology: B2B Tech Services,16,,,
Blue State Digital,Advertising,16,,,
Chegg,Technology: Consumer Internet,16,,,
Maersk Group,Natural Resources: Oil & Gas,15,0,,
"Sheppard, Mullin, Richter & Hampton LLP",Law Firm,15,,,
World Bank Group,Government: International,14,,,
Bitovi,Technology: B2B Tech Services,14,0,,
Bank of America Corporation,Finance: Diversified,14,14,14,14
Nestle,Consumer Packaged Goods: Packaged Foods,14,,,
Motley Fool,Technology: Consumer Internet,14,,,
OnDeck ,Finance: Loans,14,0,,
Box,Technology: Consumer Internet,14,,6,6
Williams Sonoma,Retail: Furniture & Home Improvement,14,,,
McKinsey & Company,Consulting Services,14,5,,
Deloitte Consulting LLP,Consulting Services,14,4,3,3
Nvidia,Technology: Manufacturing,14,,,
Deloitte,Consulting Services,14,4,3,3
Acumen,Nonprofit: Development,14,,,
Deloitte Tax LLP,Accounting Services,14,4,3,3
Aberdeen Asset Management,Finance: Asset Management,14,,,
Nestlé Purina PetCare Company,Consumer Packaged Goods: Packaged Products,14,,,
Mozilla,Technology: Software,14,,,
accenthealth,Healthcare: Communications,13,,,
OneMain Financial,Finance: Loans,13,0,,
CitiMortgage,Finance: Loans,13,0,,
Hasbro Inc.,Consumer Packaged Goods: Toys & Baby Products,13,,,
Cloudera Inc.,Technology: Software,13,1,,
Duane Morris LLP,Law Firm,13,,,
Debevoise & Plimpton LLP,Law Firm,13,,,
Fitbit Inc,Technology: Wearable,13,,,
Citigroup,Finance: Diversified,13,12,2,2
Christie's,Fine Art Auctions,12,0,,
connections education,Educational Services: E-Learning,12,1,,
Slack Technologies,Technology: Software,12,,,
Akerman LLP,Law Firm,12,,,
The Wall Street Journal,Media: News,12,,,
E&J Gallo Winery,Consumer Packaged Goods: Beverages,12,4,,
Buffer,Technology: B2B Tech Services,12,52,12,12
Biogen,Healthcare: Biotechnology,12,,,
t-3,Advertising,12,,,
Adidas,"Retail: Shoes, Accessories and Apparel",12,12,2,2
Robins Kaplan Miller & Ciresi,Law Firm,12,,,
Vertex Pharmaceuticals,Pharmaceutical,12,,,
BPCM,Public Relations,12,6,,
zenefits,Technology: B2B Tech Services ,12,,,
M&T Bank Corporation,Finance: Personal & Commercial Banking,12,,2,2
Fannie Mae,Finance: Personal & Commercial Banking,12,12,,
T. Rowe Price,Finance: Asset Management,12,,,
Tory burch,"Retail: Shoes, Accessories and Apparel",12,0,,
Pivotal Labs,Technology: Software,12,,,
Advertising.com,Advertising,12,,,
Boston Medical Center,Healthcare: Hospitals & Clinics,12,,,
American Academy of Sleep Medicine,Nonprofit: Medical,12,,,
Applied Predictive Technologies,Technology: Software,12,,,
"Haynes and Boone, LLP",Law Firm,12,0,,
Cars.com,Automotive: Dealers,12,2,1,1
"Curtis, Mallet-Prevost, Colt & Mosle LLP",Law Firm,12,,,
AllianceBernstein LP,Finance: Asset Management,12,,,
Care.com,Technology: Consumer Internet,12,,,
Ambac,Insurance: Diversified,12,,,
American Jewish World Service,Nonprofit: Humanitarian Aid Organization,12,,,
One Acre Fund,Nonprofit: Development,12,,,
national geographic,Media: Diversified,12,,,
Jeffries & Company,Finance: Diversified,12,,,
New York Stock Exchange,Information Services: Financial,12,12,,
The Broad Institute,Nonprofit: Research,12,4,,
Thomson Reuters,Information Services: Diversified,12,14,2,2
Markit,Information Services: Financial,12,,,
Silicon Valley Bank,Finance: Diversified,12,,,
Mattermark,Technology: B2B Tech Services,12,,,
match.com,Technology: Consumer Internet,12,,,
Baker Botts LLP,Law Firm,12,12,,
Glassbreakers,Technology: Consumer Internet,12,,,
Amundi,Finance: Asset Management,12,,,
Ariba,Technology: Software,12,,,
Analysis Group,Consulting Services,12,,,
Heidrick & Struggles,Consulting Services,12,0,,
Wikia,Media: Entertainment,12,,,
United States Army,Government: Federal,12,6,2,2
Gerson Lehrman,Information Services: Diversified,12,0,,
VICE Media,Media: Entertainment,12,,,
J.Jill,"Retail: Shoes, Accessories and Apparel",12,,,
Civis Analytics,Technology: B2B Tech Services,12,12,4,4
refinery29,Technology: Consumer Internet,12,,,
ETS,Educational Services: Management,12,,,
Vinson & Elkins,Law Firm,12,12,,
"HubSpot, Inc.",Technology: Software,12,,,
United States Navy,Government: Federal,12,12,,
Beaumont Health System,Healthcare: Hospitals & Clinics,12,0,,
BI WORLDWIDE,Advertising,12,,,
Coach,"Retail: Shoes, Accessories and Apparel",12,,,
Kilpatrick Townsend & Stockton,Law Firm,12,,,
Forever 21,"Retail: Shoes, Accessories and Apparel",12,6,,
Golin,Public Relations,12,,,
Lombard Odier,Finance: Asset Management,12,,,
Olark,Technology: B2B Tech Services,12,,,
Drinker Biddle & Reath,Law Firm,12,,,
Kyruus,Technology: B2B Tech Services,12,,,
"Coty, Inc.",Cosmetics,12,0,,
Dow Chemical,Natural Resources: Chemicals,12,8,2,2
Moody's Corporation,Finance: Diversified,12,0,,
NetApp Inc,Technology: B2B Tech Services,12,,,
Ancestry.com ,Technology: Consumer Internet,12,,,
Geller & Company,Finance: Diversified,12,0,,
Wolff Olins,Advertising,12,,,
kCura,Technology: Software,12,,,
2k Games,Technology: Gaming,12,4,,
Khan Academy,Educational Services: E-Learning,12,,,
Choate Hall & Stewart,Law Firm,12,,,
Foley Hoag,Law Firm,12,,,
"BlackRock, Inc.",Finance: Asset Management,12,,,
Concur Technologies,Technology: Software,12,,6,6
Madison International Realty,Real Estate: Investment Trust,12,0,,
American International Group,Insurance: Property & Casualty,12,,,
Harvard Business School,Educational Services: College & Universities,12,12,,
Ballard Spahr LLP,Law Firm,12,,,
Kaiser Permanente,Insurance: Health,12,6,,
LegalZoom,Legal Services,12,,,
AVery Dennison,Packaging,12,0,,
Rackspace Inc.,Technology: B2B Tech Services,12,,,
Greenberg Traurig LLP,Law Firm,12,,,
Barnes & Thornburg,Law Firm,12,,,
Alston & Bird LLP,Law Firm,12,,,
Nielsen Holdings N.V.,Information Services: Diversified,12,26,,
Snell & Wilmer,Law Firm,12,,,
Lyft,Technology: Consumer Internet,12,,,
Capital One 360,Finance: Diversified,12,4,,
Mars Incorporated,Consumer Packaged Goods: Packaged Foods,12,0,,
Time Inc.,Media: Diversified,12,5,,
Sapient Corporation,Consulting Services,12,,,
Western Union,Finance: Credit & Fund Services,12,12,,
Cummins Inc.,Industrial: Equipment Manufacturing,12,,,
Acquia,Technology: Software,12,,,
Husch Blackwell LLP,Law Firm,12,,,
Vox Media,Media: Diversified ,12,0,,
Johns Hopkins University,Educational Services: College & Universities,12,0,,
printpack,Packaging,12,,,
The Southern Company,Natural Resources: Electric Power Generation,12,6,,
Janus Capital Group,Finance: Asset Management,12,,,
Applause,Technology: B2B Tech Services,12,,2,
Madison Square Garden,Media: Entertainment,12,,,
270 Strategies,Consulting Services,12,,,
Appriss,Technology: B2B Tech Services,12,,,
Pernod Ricard,Consumer Packaged Goods: Beverages,12,,,
ConocoPhillips,Natural Resources: Oil & Gas,12,2,,
Morningstar,Information Services: Financial,12,,,
Protiviti,Consulting Services,12,0,,
Scholastic,Publishing,12,0,,
Travelzoo,Technology: Consumer Internet,12,,,
Washington Post,Media: News,12,,,
Capco,Consulting Services,12,,,
Gilt Groupe,Retail: Online,12,0,,
Feeding America,Nonprofit: Civic & Social,12,4,,
Perdue Farms,Consumer Packaged Goods: Packaged Foods,12,,,
Business Insider,Media: News,12,0,,
Bravo TV,Media: Television,12,0,,
Gofundme,Technology: Consumer Internet,12,,4,4
Harvard University,Educational Services: College & Universities,12,1,,
Fortress Investment Group,Finance: Asset Management,12,,,
Parker-Hannifin Corporation,Technology: Manufacturing,12,12,,
Dykema Gossett PLLC,Law Firm,12,,,
athenahealth,Technology: B2B Tech Services,12,,,
Fortune Magazine,Media: News,12,,,
"Laureate Education, Inc.",Educational Services: College & Universities,12,,,
Blackbaud,Technology: Software,12,,,
InterActiveCorp,Technology: Consumer Internet,12,,,
International Rescue Committee,Nonprofit: Humanitarian Aid Organization,12,0,,
Achievement First,Educational Services: School,12,,,
Mac Cosmetics,Cosmetics,12,,,
renovate america,Finance: Loans,12,,,
LexisNexis,Information Services: Diversified,12,,,
"Jockey International, Inc.","Retail: Shoes, Accessories and Apparel",12,,,
News Corp.,Media: News,12,,,
Center for Diagnostic Imaging,Healthcare: Hospitals & Clinics,12,,,
GCM Grosvenor,Finance: Asset Management,12,,,
BNP Paribas,Finance: Diversified,12,,,
Asana,Technology: Software,12,4,12,12
Cision,Technology: Software,12,,,
Zuora,Information Services: Technology,12,,6,6
Reed Smith LLP,Law Firm,12,,,
Shire PLC,Healthcare: Biotechnology,12,0,,
UBS,Finance: Diversified,12,,,
GasPedal,Technology: Consumer Internet,12,,,
Allergan,Pharmaceutical,12,,,
AppFog,Technology: B2B Tech Services,12,,,
BB&T Corporation,Finance: Diversified,12,,,
Abt Associates,Consulting Services,12,0,,
American Express Company,Finance: Credit & Fund Services,12,4,2,2
"City of Ferndale, Michigan",Government: City,12,,,
Fennemore Craig,Law Firm,12,,,
"Federal Management Partners (FMP), Inc.",Consulting Services,12,4,,
Weber Shandwick,Public Relations,12,,6,
Synergis,Business Services: Staffing & Outsourcing,12,,,
Neo Technology,Technology: B2B Tech Services,12,,6,6
PricewaterhouseCoopers,Consulting Services,12,7,6,6
JW Marriott Resort & Spa,Hospitality: Hotels,12,,,
finacial times,Media: News,12,,,
Tripadvisor,Technology: Consumer Internet,12,,4,4
BNY Mellon,Finance: Asset Management,12,8,0,0
Putnam Investments,Finance: Asset Management,12,1,,
Grant Thornton,Accounting Services,12,,,
Ryan LLC,Accounting Services,12,,2,2
Braintree,Technology: Payments,12,0,,
Dorsey & Whitney LLP,Law Firm,12,12,,
Pillsbury Winthrop Shaw Pittman LLP,Law Firm,12,,,
Epstein Becker Green,Law Firm,12,,,
New York Times,Media: News,12,,,
Razorfish,Advertising,12,,,
Oliver Wyman,Consulting Services,12,12,,
Knewton,Technology: Consumer Internet,12,,,
Tableau Software,Technology: Software,12,,,
Gibbons PC,Law Firm,12,,,
Uptake,Technology: Software,12,,,
symetra,Insurance: Life,12,,,
Russell Investments,Finance: Asset Management,12,,2,
Bain Capital,Finance: Asset Management,12,,,
Rally Software,Technology: Software,12,,,
Fountain Valley Regional Hospital,Healthcare: Hospitals & Clinics,12,0,,
Jawbone,Technology: Wearable,12,,,
"BMW of North America, LLC",Automotive: Manufacturers,12,,,
San Francisco Department of Technology,Government: County,12,,,
Pandora,Technology: Consumer Internet,12,,,
Perry Capital,Finance: Asset Management,12,,,
The Estee Lauder Companies Inc.,Cosmetics,12,,,
Expedia Inc.,Technology: Consumer Internet,12,6,,
SAS Institute,Technology: Software,12,,,
KBS+P,Advertising,12,0,,
General Atomics,Defense & Space,12,0,,
Glassdoor,Technology: Consumer Internet,12,0,,
Pegasystems Inc.,Technology: Software,12,,,
North Highland,Consulting Services,12,0,,
Technomic Inc.,Consulting Services,12,,,
CNN,Media: News,12,,,
The AES Corporation,Natural Resources: Electric Power Generation,12,,,
Association of Equipment Manufacturers,Industrial: Equipment Manufacturing,12,,,
NBCUniversal,Media: Diversified,12,0,,
Salesforce,Technology: Software,12,8,9,9
Mattel,Consumer Packaged Goods: Toys & Baby Products,12,,,
Advanced micro devices,Technology: Manufacturing,12,,,
PAAMCO,Finance: Asset Management,12,,,
Ask.com,Technology: Consumer Internet,12,,,
IBM,Technology: Manufacturing,12,6,6,6
genetech,Healthcare: Biotechnology,12,,,
Valero Energy Corporation,Natural Resources: Oil & Gas,12,,,
Thompson Coburn,Law Firm,12,,,
Baker Tilly,Accounting Services,12,,,
"Fitzpatrick, Cella, Harper & Scinto",Law Firm,12,,,
Oppenheimer Holdings,Finance: Diversified,12,0,,
Dow Jones,Media: News,12,,,
HSBC,Finance: Diversified,12,,,
Alvarez & Marsal,Consulting Services,12,,,
spanx,"Retail: Shoes, Accessories and Apparel",12,,,
Steptoe & Johnson PLLC,Law Firm,12,,,
American College of Obstetricians and Gynecologists,Nonprofit: Medical,12,12,,
Butzel Long,Law Firm,12,,,
LawInContext,Legal Services,12,0,,
Stanford University,Educational Services: College & Universities,12,4,,
Akamai,Technology: B2B Tech Services,12,,,
Institute of International Education,Nonprofit: Education,12,,,
University of Southern California,Educational Services: College & Universities,11,6,,
Capital One Financial Corporation,Finance: Diversified,11,4,2,2
LeClairRyan,Law Firm,11,2,,
Applied Research Associates,Industrial: Engineering,11,17,,
Turner Broadcasting,Media: Diversified,11,2,,
IDEO,Industrial: Architecture & Design,11,,,
mcgraw-hill education,Publishing,11,1,,
Duff & Phelps,Finance: Diversified,10,1,,
Kaplan University,Educational Services: College & Universities,10,6,,
Weight Watchers,Consumer Packaged Goods: Packaged Foods,10,2,,
Pitney Bowes,Business Services: Technology Solutions,10,,,
HBO (Home Box Office Inc.),Media: Entertainment,10,,,
Forrester Research,Information Services: Technology,10,2,,
CGI Interactive,Advertising,10,2,,
Saint Michael's College,Educational Services: College & Universities,10,2,,
Broadridge Financial Solutions Group,Business Services: Technology Solutions,10,12,,
Roche Holding AG,Pharmaceutical,10,7,,
Kiewit,Industrial: Construction Company,10,0,,
Kimberly-Clark Corporation,Consumer Packaged Goods: Packaged Products,10,,,
Discovery Communications,Media: Diversified,10,6,,
Chesapeake Energy Corporation,Natural Resources: Oil & Gas,10,2,,
Diageo,Consumer Packaged Goods: Beverages,10,6,,
Hilton Worldwide Holdings Inc.,Hospitality: Hotels,10,,,
CGI Group,Business Services: Technology Solutions,10,2,,
"City of Saratoga, California",Government: City,10,10,,
Enterprise Holdings,Transportation: Rental,10,2,,
Cartoon Network,Media: Television,10,2,,
Viacom Inc.,Media: Diversified,10,,,
Merkle,Advertising,10,6,,
NASDAQ,Information Services: Financial,10,,1,1
Cornerstone Chemical Company,Natural Resources: Chemicals,10,2,,
Warner Brothers,Arts & Entertainment,10,2,,
CA Technologies,Technology: Software,10,4,4,4
MetLife,Insurance: Life,10,,,
Everyday Health,Technology: Consumer Internet,10,,,
BP,Natural Resources: Oil & Gas,10,19,,
sailthru,Technology: B2B Tech Services,10,,,
"500friends, a Merkle Company",Technology: B2B Tech Services,10,6,,
Campbell Soup Company,Consumer Packaged Goods: Packaged Foods,10,,,
"Avon Products, Inc.",Cosmetics,10,12,2,2
Liberty Interactive Corporation,Media: Diversified,10,,,
Electronic Arts,Technology: Gaming,10,6,,
MTV Networks,Media: Entertainment,10,,,
Trulia,Technology: Consumer Internet,10,,,
"ScottMadden, Inc.",Consulting Services,10,,,
Symantec,Technology: Software,10,,,
Virginia Tech,Educational Services: College & Universities,10,7,,
Fifth Third Bank,Finance: Personal & Commercial Banking,9,,,
"Altria Group, Inc.",Consumer Packaged Goods: Tobacco,9,0,,
"EnerNOC, Inc.",Technology: Software,9,,,
Wells Fargo,Finance: Diversified,9,12,4,4
"General Mills, Inc.",Consumer Packaged Goods: Packaged Foods,9,,2,2
AOL,Technology: Consumer Internet,9,,,
BDO International,Accounting Services,9,,,
"Prudential Financial, Inc.",Insurance: Life,9,20,,
Mindshare Worldwide,Advertising,9,,,
McMaster-Carr,Industrial: Other,9,12,,
A.T. Kearney,Consulting Services,9,,,
Oracle Corporation,Technology: Software,9,12,,
Cozen O'Connor,Law Firm,9,6,,
United Technologies,Conglomerate,9,16,,
Amgen Inc.,Healthcare: Biotechnology,9,6,,
Epsilon,Advertising,9,3,,
McGraw-HIll Financial,Information Services: Financial,9,,3,3
Cornerstone OnDemand,Technology: Software,9,5,,
Mastercard Incorporated,Finance: Credit & Fund Services,9,8,2,2
Sandoz,Pharmaceutical,9,0,,
McDonald's Corporation,Hospitality: Restaurants,9,,,
Eli Lilly and Company,Pharmaceutical,9,6,,
AT&T,Telecommunications,9,5,,
Unilever,Consumer Packaged Goods: Packaged Products,8,8,,
Kelly Services,Business Services: Staffing & Outsourcing,8,4,,
U.S. News & World Report,Media: News,8,,,
Monster,Technology: Consumer Internet,8,4,,
Myler Disability,Legal Services,8,4,,
Bayer AG,Pharmaceutical,8,9,,
Adventist Health System,Healthcare: Hospitals & Clinics,8,,,
Aon Hewitt,Consulting Services,8,8,,
Fox News Channel,Media: News,8,,,
datalogix,Technology: Software,8,4,,
Crescent City Schools,Educational Services: School,8,4,,
Georgetown University,Educational Services: College & Universities,8,4,,
Cengage Learning,Educational Services: E-Learning,8,4,,
Caterpillar Inc.,Industrial: Equipment Manufacturing,8,6,,
Southern Methodist University,Educational Services: College & Universities,8,4,,
alnylam,Pharmaceutical,8,4,,
sabra,Consumer Packaged Goods: Packaged Foods,8,,,
Data Communique,Technology: B2B Tech Services,8,12,,
Centro,Advertising,8,,,
AECOM Technology Corporation,Industrial: Construction Company,8,,,
Capstone Partners LLC,Finance: Diversified,8,1,,
"Ecolab, Inc.",Conglomerate,8,4,,
Wipro,Technology: B2B Tech Services,8,,,
Abbott Laboratories,Pharmaceutical,8,12,2,2
Nationwide Mutual Insurance Co.,Insurance: Property & Casualty,8,4,,
Mother Jones,Publishing,8,,,
U.S. Bank,Finance: Personal & Commercial Banking,8,12,,
Vmware,Technology: Software,8,4,,
City University of New York,Educational Services: College & Universities,8,4,,
dunnhumby,Advertising,8,,,
Mount Sinai Medical Center,Healthcare: Hospitals & Clinics,8,,,
Rust-Oleum Corporation,Industrial: Building Materials Manufacturing,8,,,
Patagonia,"Retail: Shoes, Accessories and Apparel",8,,,
Newly Weds Foods,Consumer Packaged Goods: Packaged Foods,8,4,,
Q2ebanking,Technology: Financial Services,8,4,,
Stryker Corporation,Healthcare: Medical Devices ,8,4,,
Regis Corp,Services: Salons & Spas,8,12,,
Capella University,Educational Services: College & Universities,8,4,,
Pearson Education,Publishing,8,3,,
FM Global,Insurance: Property & Casualty,8,,,
Kellogg Company,Consumer Packaged Goods: Packaged Foods,8,,,
Mercer Consulting,Consulting Services,8,,,
PharMerica Corporation,Pharmaceutical,8,3,,
MIT,Educational Services: College & Universities,8,8,1,1
"CenturyLink, Inc.",Telecommunications,8,,,
Hearst Corporation,Media: Diversified,8,,,
Blackboard Inc.,Technology: Software,8,,,
Teach for America,Nonprofit: Education,8,,,
CBS Interactive,Technology: Consumer Internet,8,,,
TOMS,"Retail: Shoes, Accessories and Apparel",8,,8,8
EverFi,Educational Services: E-Learning,8,4,,
Marvel Entertainment,Media: Entertainment,8,,,
Principal Financial Group,Finance: Asset Management,8,,,
Bose Corporation,Technology: Manufacturing,8,4,,
The Container Store,Retail: Furniture & Home Improvement,8,4,,
BigCommerce,Technology: Software,8,,,
Marathon Oil Corporation,Natural Resources: Oil & Gas,8,4,,
Philip Morris International Inc.,Consumer Packaged Goods: Tobacco,8,,,
"Thompson, Siegel and Walmsley",Finance: Asset Management,8,0,,
DreamHost,Technology: B2B Tech Services,8,,,
General Electric,Conglomerate,8,4,6,4
EMC Corporation,Technology: Manufacturing,8,10,,
Brand Networks,Advertising,8,,,
Intel Corporation,Technology: Manufacturing,8,12,,
Abbott Nutrition,Pharmaceutical,8,4,,
Frito-Lay,Consumer Packaged Goods: Packaged Foods,8,6,,
Save-A-Lot,Retail: Supermarket Company,8,,,
St. Edward's University,Educational Services: College & Universities,8,4,,
audible,Technology: Manufacturing ,8,,,
United Way Worldwide,Nonprofit: Charity,8,4,,
McAfee & Taft,Law Firm,8,,,
Evolent Health,Healthcare: Services,8,4,,
PPR Talent Management,Healthcare: Services,8,,2,2
thoughtbot,Technology: B2B Tech Services,8,,,
Birchbox,Technology: Consumer Internet,8,4,,
State Street Corporation,Finance: Diversified,8,,4,4
Avanade,Technology: B2B Tech Services,8,,,
Slalom Consulting,Consulting Services,8,4,,
DHL,Transportation: Couriers & Delivery,8,,,
Hewlett-Packard Company,Technology: Manufacturing,8,5,,
"Reebok International, Ltd.","Retail: Shoes, Accessories and Apparel",8,10,,
Lincoln Laboratory,Nonprofit: Research,8,4,,
Hartford Hospital,Healthcare: Hospitals & Clinics,8,,,
Rock Solid Technologies,Technology: Software,8,,,
CBS Corporation,Media: Diversified,8,,,
Rocana,Technology: Software,8,,8,8
The Walt Disney Company,Media: Diversified,8,12,,
Scripps Networks Interactive,Media: Television,8,5,,
New York Life Insurance Company,Insurance: Life,8,22,,
Valassis,Advertising,8,4,,
WIL Research,Pharmaceutical,8,8,,
harper's bazaar,Publishing,8,,,
Foursquare ,Technology: Consumer Internet,8,4,6,0
New York Media LLC,Media: Magazines,8,4,2,10
E*Trade Financial Corporation,Finance: Diversified,8,,,
Wiley Publishing,Publishing,8,12,,
Prometric Testing,Educational Services: Management,8,,,
Kelly Services OCG,Consulting Services,8,,,
Plum Organics,Consumer Packaged Goods: Packaged Foods ,8,,2,
Alice + Olivia,"Retail: Shoes, Accessories and Apparel",8,,,
doordash,Technology: Consumer Internet,8,4,,
Ford Motor,Automotive: Manufacturers,8,4,,
Bristol-Myers Squibb Company,Pharmaceutical,8,,1,1
Texas Instruments Incorporated,Technology: Manufacturing,8,,,
Kmart,Retail: Discount Store,8,12,,
Robert Baird & Co.,Finance: Diversified,8,,,
New Balance,"Retail: Shoes, Accessories and Apparel",8,4,,
The Aspen Institute,Nonprofit: Public Policy,8,4,,
"Nike, Inc.","Retail: Shoes, Accessories and Apparel",7,12,0,0
McGladrey,Accounting Services,7,13,,
Hall Capital Partners,Finance: Asset Management,7,7,8,8
OutboundEngine,Advertising,7,4,,
United States Chamber of Commerce,Nonprofit: Political Organization,7,,,
United Services Automobile Association,Finance: Diversified,7,5,,
Novo Nordisk,Pharmaceutical,7,12,,
CoverednFab,"Retail: Shoes, Accessories and Apparel",7,2,,
AstraZeneca,Pharmaceutical,7,26,,
Northern Trust,Finance: Diversified,7,,3,3
Olympus Corporation,Healthcare: Medical Devices,7,,,
Southwest Airlines Co.,Transportation: Passenger Air,7,,,
Zoetis,Healthcare: Animal Health,7,6,,
TIAA-CREF,Finance: Asset Management,7,,,
"PNC Financial Services Group, Inc.",Finance: Personal & Commercial Banking,7,13,1,1
CapTech Consulting,Technology: B2B Tech Services,7,5,,
AON PLC,Insurance: Diversified,7,2,,
Booz Allen Hamilton,Consulting Services,7,38,,
T-Mobile,Telecommunications,7,12,3,3
FCA US LLC,Automotive: Manufacturers,7,,,
The Advisory Board Company,Consulting Services,7,8,,
Catholic Relief Services,Nonprofit: Humanitarian Aid Organization,6,6,,
Dartmouth College,Educational Services: College & Universities,6,6,,
"Carlson Capital, LP",Finance: Asset Management,6,6,,
AmerisourceBergen,Pharmaceutical,6,,,
CUNA Mutual Group,Insurance: Diversified,6,6,,
State Farm,Insurance: Property & Casualty,6,6,,
"Merck & Co., Inc.",Pharmaceutical,6,18,,
mylan,Pharmaceutical,6,,,
Intuit Inc,Technology: Software,6,,2,2
Allegion PLC,Technology: Security,6,6,,
Amerigroup,Insurance: Health,6,6,,
California Institute of Technology,Educational Services: College & Universities,6,,,
Cerner Corporation,Technology: B2B Tech Services,6,6,,
"Becton, Dickinson and Company",Healthcare: Medical Devices ,6,6,,
"Medtronic, Inc.",Healthcare: Medical Devices,6,9,1,
"Twenty-First Century Fox, Inc.",Media: Diversified,6,,,
Dillard's,Retail: Department Store,6,6,,
Windstream Communications,Telecommunications,6,,,
Sugarcrm,Technology: Software,6,,,
Cargill,Natural Resources: Agriculture and Food Processing,6,6,0,0
Halliburton,Natural Resources: Oilfield Services,6,,,
Exxon Mobil,Natural Resources: Oil & Gas,6,22,,
Dell,Technology: Manufacturing,6,7,,
Whirlpool Corporation,Industrial: Appliances & Furniture,6,,,
Astellas Pharma,Pharmaceutical,6,,,
Cadillac,Automotive: Manufacturers,6,6,,
Genesco,"Retail: Shoes, Accessories and Apparel",6,,,
Cardinal Solutions,Technology: B2B Tech Services,6,6,,
Marshalls,Retail: Department Store,6,,,
New York-Presbyterian Hospital,Healthcare: Hospitals & Clinics,6,12,,
Liberty Property Trust,Real Estate: Investment Trust,6,6,,
Procter & Gamble,Consumer Packaged Goods: Packaged Products,6,46,1,1
Time Warner Cable Inc.,Telecommunications,6,6,,
The Bon-Ton Stores,Retail: Department Store,6,,,
Scottrade,Finance: Asset Management,6,6,2,
Fleishman-Hillard Inc.,Public Relations,6,6,,
Rush University Medical Center,Healthcare: Hospitals & Clinics,6,6,,
UPS,Transportation: Couriers & Delivery,6,12,,
"The TJX Companies, Inc.",Retail: Department Store,6,6,,
eshots,Advertising,6,6,,
Perrigo,Pharmaceutical,6,6,,
kaplan international,Educational Services: Management,6,6,,
Highmark Inc.,Insurance: Health,6,6,,
AmTrust Financial Services,Insurance: Property & Casualty,6,4,,
Redfin,Real Estate: Brokers,6,10,,
Georgia Pacific,Consumer Packaged Goods: Packaged Products,6,,,
Allscripts,Technology: Software,6,,,
Phillips 66,Natural Resources: Oil & Gas,6,,,
hautelook,Retail: Online,6,6,,
Carolinas HealthCare System,Healthcare: Hospitals & Clinics,6,,,
Seimens,Electronics: Manufacturing,6,6,,
Public Broadcasting Service,Media: Television,6,,,
CannonDesign,Industrial: Architecture & Design,6,6,,
"Macy's, Inc.",Retail: Department Store,6,6,,
Management Concepts,Educational Services: Professional Training,6,,,
Mccormick,Consumer Packaged Goods: Packaged Foods ,6,,,
Lockheed Martin Corporation,Aerospace,6,6,,
Cameron International Corporation,Natural Resources: Oilfield Services,6,6,,
Pfizer,Pharmaceutical,6,24,,
Emerson Electric Co.,Industrial: Materials,6,12,,
Cadence Design Systems,Technology: Manufacturing,6,6,,
Dick's Sporting Goods,"Retail: Shoes, Accessories and Apparel",6,6,,
Answers Corporation,Technology: Consumer Internet,6,6,,
"Avnet, Inc.",Electronics: Wholesaler,6,,,
Pharmaceutical Product Development,Pharmaceutical,6,,,
Sierra Club,Nonprofit: Environmental Organization,6,6,,
Lincoln National Corporation,Finance: Asset Management,6,6,,
The Coca-Cola Company,Consumer Packaged Goods: Beverages,6,12,6,6
Ipreo Holdings LLC,Information Services: Financial,6,6,,
Randstad,Business Services: Human Resources,6,,,
The MITRE Corporation,Nonprofit: Research,6,6,,
WebMD,Technology: Consumer Internet,6,6,,
University of Arizona,Educational Services: College & Universities,6,12,,
St. Bonaventure University,Educational Services: College & Universities,6,6,,
Hayneedle,Retail: Online,6,6,,
Bard Medical,Healthcare: Medical Devices ,6,5,,
Cessna Aircraft Company,Aerospace,6,,,
"Assurant, Inc.",Insurance: Property & Casualty,6,1,,
Hines,Real Estate: Development & Management,6,6,,
Freddie Mac,Finance: Personal & Commercial Banking,6,12,,
Lexmark International,Technology: Manufacturing,6,6,,
DuPont,Natural Resources: Chemicals,6,18,,
Petsmart,Retail: General Merchandise,6,6,,
John Hancock,Insurance: Life,6,12,,
Veolia,Environmental Services,6,,,
Smucker's,Consumer Packaged Goods: Packaged Foods,6,6,,
Angie's List,Technology: Consumer Internet,6,6,,
Phillips Edison & Company,Real Estate: Development & Management,6,,,
TracFone Wireless,Telecommunications,6,,,
Aramark Holdings Corporation,Business Services: Food & Hospitality,6,0,,
Valeant,Pharmaceutical,6,6,,
The Wonderful Company,Consumer Packaged Goods: Packaged Foods,6,,,
Alexander Mann Solutions,Business Services: Staffing & Outsourcing,6,6,,
QBE Insurance,Insurance: Property & Casualty,6,,,
Corning Incorporated,Industrial: Materials,6,9,,
Abbott Vascular,Healthcare: Medical Devices ,6,12,,
Gateway Media,Technology: Consumer Internet,6,,,
AkzoNobel Global,Natural Resources: Chemicals,6,6,,
NYU School of Medicine,Educational Services: College & Universities,6,8,,
Fitch Ratings,Information Services: Financial,6,6,,
Yelp,Technology: Consumer Internet,6,6,,
Boeing,Aerospace,6,12,,
Rite Aid Corporation,Pharmacies & Drug Stores,6,,,
FHI 360,Nonprofit: Development,6,6,,
Bechtel,Industrial: Construction Company,6,6,,
American Automobile Association,Nonprofit: Trade Organization,6,6,,
Philips Healthcare,Healthcare: Diversified,6,12,,
march of dimes,Nonprofit: Healthcare,6,18,,
Union Pacific Corporation,Transportation: Rail,6,12,,
The Wharton School of the University of Pennsylvania,Educational Services: College & Universities,6,6,,
Loyola University Health System,Healthcare: Hospitals & Clinics,6,6,,
Alere Inc,Healthcare: Medical Devices ,6,12,,
Starbucks Corporation,Hospitality: Restaurants,6,6,,
Emerald Expositions,Business Services: Business Events,6,6,,
St. Luke's Hospital,Healthcare: Hospitals & Clinics,6,6,,
Vineyard Vines,"Retail: Shoes, Accessories and Apparel",6,,,
Eaton Corporation,Industrial: Diversified,6,6,,
British Airways,Transportation: Passenger Air,6,,,
Baxter International Inc.,Healthcare: Medical Devices ,6,12,,
"California State University, Northridge",Educational Services: College & Universities,6,,,
Deere & Company,Industrial: Equipment Manufacturing,6,6,,
CMFG Life Insurance Company,Insurance: Life,6,6,,
Quest,Industrial: Engineering,6,,,
Paychex Inc,Business Services: Staffing & Outsourcing ,6,,,
"University of California, San Diego",Educational Services: College & Universities,6,,,
Sterling Brands,Advertising,6,,,
Danaher Corporation,Industrial: Diversified,6,16,,
Solstice Mobile,Technology: B2B Tech Services,6,,,
Burson-Marsteller,Public Relations,6,,,
Great American Insurance Group,Insurance: Property & Casualty,6,,,
Bottle Rocket LLC,Technology: Software,6,6,,
Asurion,Telecommunications,6,,,
GlaxoSmithKline,Pharmaceutical,6,6,,
"CarMax, Inc.",Automotive: Dealers,6,6,,
New York University,Educational Services: College & Universities,6,6,,
"Anthem, Inc.",Insurance: Health,6,6,,
Creganna Medical,Healthcare: Medical Devices ,6,6,,
"CBRE Group, Inc",Real Estate: Development & Management,6,,,
Dstillery,Advertising,6,,,
MediaCom,Advertising,6,,,
Alcon,Pharmaceutical,6,6,,
Progressive Corporation,Insurance: Property & Casualty,6,12,,
Ball Corporation,Industrial: Materials,6,6,,
Learfield Sports,Sports,6,,,
"Waste Management, Inc.",Services: Waste Management,6,12,,
University of Florida,Educational Services: College & Universities,6,18,,
Navy Federal Credit Union,Finance: Credit Unions,6,,,
Expeditors International,Transportation: Freight & Logistics,6,6,,
Allstate Insurance Group,Insurance: Property & Casualty,6,6,,
American University Washington D.C.,Educational Services: College & Universities,6,6,,
Motivate,Technology: Financial Services,6,,,
MedRisk ,Insurance: Diversified,6,6,,
Johns Hopkins University Applied Physics Laboratory,Educational Services: College & Universities,6,12,,
"Land O’Lakes, Inc.",Consumer Packaged Goods: Packaged Foods,6,,,
BAE Systems,Defense & Space,6,6,,
Scoutmob,Technology: Consumer Internet,6,,,
California Air Resources Board,Government: State,6,6,,
"The Gap, Inc.","Retail: Shoes, Accessories and Apparel",6,12,,
"J.C. Penney Company, Inc.",Retail: Department Store,6,4,,
ICE Futures US,Government: State,6,,,
ServiceNow,Technology: Software,6,,,
Ocwen,Finance: Diversified,6,6,,
Frog Design Inc,Design,6,6,,
American Academy Of Pediatrics,Nonprofit: Medical ,6,10,,
Claire’s ,"Retail: Shoes, Accessories and Apparel",6,6,,
Columbia University,Educational Services: College & Universities,6,6,,
humanscale,Industrial: Appliances & Furniture,6,6,,
"C.H. Robinson Worldwide, Inc.",Transportation: Freight & Logistics,6,,,
Neiman Marcus,Retail: Department Store,6,9,,
CWCapital,Real Estate: Investment Trust,6,6,,
Invesco,Finance: Asset Management,6,6,,
ONEOK,Natural Resources: Oil & Gas,6,6,2,2
AdvantageCare Physicians,Healthcare: Hospitals & Clinics,6,,,
Laboratory Corporation of America Holdings,Healthcare: Laboratory Testing,6,6,,
Royal Bank of Scotland Group,Finance: Diversified,6,,,
FirstMerit Bank,Finance: Diversified,6,,,
Aldi's,Retail: Discount Store,6,6,,
UF Health,Healthcare: Hospitals & Clinics,6,6,,
Say Media,Advertising,6,,,
"Kraft Foods Group, Inc.",Consumer Packaged Goods: Packaged Foods,6,6,,
Target Corporation,Retail: General Merchandise,6,6,,
"Motorola Solutions, Inc.",Telecommunications,6,,,
Sephora,Cosmetics,6,6,,
Carestream,Healthcare: Services,6,,,
American Association of Retired Persons,Nonprofit: Interest Group,6,6,,
Beveridge & Diamond,Law Firm,6,,,
ANN Inc.,"Retail: Shoes, Accessories and Apparel",6,6,,
CIGNA Corporation,Insurance: Health,6,,,
Swiss Re,Insurance: Reinsurance,6,6,,
Occidental Petroleum Corporation,Natural Resources: Oil & Gas,6,6,,
Honeywell International Inc.,Industrial: Diversified,6,12,,
Monsanto Company,Natural Resources: Agrochemical,6,,,
Revlon,Cosmetics,6,6,,
USAA,Insurance: Diversified,6,6,,
Appirio Inc.,Technology: B2B Tech Services,6,6,,
Penn State University,Educational Services: College & Universities,6,6,,
learnvest,Technology: Financial Services,6,,,
Lewis Brisbois Bisgaard & Smith LLP,Law Firm,6,,,
"Alameda County, California",Government: State,6,,,
Boehringer Ingelheim,Pharmaceutical,6,,,
Havas,Advertising,6,5,,
Novartis,Pharmaceutical,6,6,,
Discover Financial Services,Finance: Credit & Fund Services,6,6,,
Garmin,Technology: Manufacturing,6,6,,
The College Board,Educational Services: Management,6,,,
Lubrizol,Natural Resources: Chemicals,6,,,
Bard,Healthcare: Medical Devices ,6,6,,
Santander,Finance: Personal & Commercial Banking,6,6,,
Ogilvy PR,Public Relations,6,6,,
Wellesley College,Educational Services: College & Universities,6,6,,
BMC Software Inc.,Technology: Software,6,,,
Wolters Kluwer,Information Services: Diversified,6,6,,
Mercedes Benz,Automotive: Manufacturers,6,46,,
INC Research ,Pharmaceutical,6,6,,
Athleta,"Retail: Shoes, Accessories and Apparel",6,6,,
Lionsgate,Media: Entertainment,6,,,
Northwestern Memorial Hospital,Healthcare: Hospitals & Clinics,6,6,,
Chemonics,Consulting Services,6,6,,
Bausch & Lomb,Healthcare: Medical Devices ,6,,,
Blue Cross and Blue Shield of Minnesota,Insurance: Health,6,6,,
Centene Corporation,Insurance: Health,6,6,,
Kaplan Test Prep,Educational Services: Management,6,,,
Travelers Companies,Insurance: Property & Casualty,6,,,
CNA Financial,Insurance: Property & Casualty,6,7,,
SalonCentric,Wholesale,6,,,
XO Group Inc,Media: Magazines,6,12,,
Princeton University,Educational Services: College & Universities,6,6,,
FSG,Consulting Services,6,18,,
Dentsply International,Healthcare: Medical Devices ,6,6,,
Allianz SE,Finance: Diversified,6,,,
"Trey Resources, Inc.",Natural Resources: Oil & Gas,6,6,,
Exelon Corporation,Natural Resources: Electric Power Generation,6,6,,
Newell Rubbermaid,Consumer Packaged Goods: Packaged Products,6,6,,
Sikorsky,Aerospace,6,,,
Hartford Financial Services Group,Insurance: Property & Casualty,6,6,,
St. Jude Children's Research Hospital,Healthcare: Hospitals & Clinics,6,6,,
Time Warner Inc.,Media: Diversified,6,4,,
Sandia National Labs,Government: Contractor,6,6,,
GoDaddy,Technology: Consumer Internet,6,6,,
TD Ameritrade,Finance: Diversified,6,12,,
Takeda,Pharmaceutical,6,6,,
American City Business Journals,Publishing,6,6,,
Shoprite,Retail: General Merchandise,6,0,,
"WellCare Health Plans, Inc.",Insurance: Health,6,6,,
Fry's Food & Drug Stores,Retail: Supermarket Company,6,6,,
Boston Scientific,Healthcare: Medical Devices ,6,6,,
Waffle House,Hospitality: Restaurants,6,6,,
Children's National Medical Center,Healthcare: Hospitals & Clinics,6,16,,
Sungard Availability Services,Technology: B2B Tech Services ,6,6,,
"G2 Web Services, LLC",Technology: B2B Tech Services,6,,,
Catholic Health Initiatives,Healthcare: Hospitals & Clinics,6,6,,
"Bremer Bank, N.A.",Finance: Diversified,6,6,,
Baker Hughes,Natural Resources: Oilfield Services,6,6,,
Walgreens,Pharmacies & Drug Stores,6,6,,
hotwire,Technology: Consumer Internet,6,,,
Burger King,Hospitality: Restaurants,6,10,,
Aurora Health Care,Healthcare: Hospitals & Clinics,6,6,,
University of Notre Dame,Educational Services: College & Universities,6,,,
Ipsos,Advertising: Market Research,6,6,,
Rockwell Automation,Industrial: Equipment Manufacturing,6,6,,
GlobalFoundries,Technology: Manufacturing ,6,6,,
General Motors,Automotive: Manufacturers,6,6,,
Aetna Inc.,Insurance: Health,6,13,,
The Sherwin-Williams Company,Industrial: Building Materials Manufacturing,6,,,
Sears Holdings Corporation,Retail: General Merchandise,6,12,,
Joy Global Inc,Industrial: Equipment Manufacturing,6,6,,
Vanderbilt University,Educational Services: College & Universities,6,6,,
University of Pittsburgh Medical Center,Healthcare: Hospitals & Clinics,6,6,,
American Society for the Prevention of Cruelty to Animals,Nonprofit: Animal Welfare,6,6,,
Yazaki North America,Automotive: Parts Manufacturing,6,6,0,0
"California State University, Sacramento",Educational Services: College & Universities,6,,,
American Management Association,Nonprofit: Professional Development,6,6,,
Quest Diagnostics,Healthcare: Laboratory Testing,6,,,
General Dynamics,Defense & Space,6,,,
"ADP, LLC",Business Services: Human Resources,6,12,,
J.B. Hunt Transport inc,Transportation: Freight & Logistics,6,6,,
Net-A-Porter,Retail: Online,6,,,
GDIT,Technology: B2B Tech Services,6,6,,
Visa Inc.,Finance: Credit & Fund Services,6,6,,
LenderLive Network,Finance: Credit & Fund Services,6,3,,
Raining Rose,Cosmetics,6,,,
"Bath & Body Works, LLC",Cosmetics,6,,,
Keurig,Industrial: Appliances & Furniture,6,6,,
ContextMedia Inc.,Healthcare: Communications,6,,,
Yale University,Educational Services: College & Universities,6,26,,
Colgate-Palmolive Company,Consumer Packaged Goods: Packaged Products,6,9,,
Abercrombie & Fitch,"Retail: Shoes, Accessories and Apparel",6,6,,
PepsiCo,Consumer Packaged Goods: Beverages,6,6,4,4
Loyola University Chicago,Educational Services: College & Universities,6,6,,
Regal Entertainment Group,Arts & Entertainment,6,6,,
George Washington University,Educational Services: College & Universities,6,6,,
Baylor University Medical Center,Healthcare: Hospitals & Clinics,6,6,,
CH2M Hill,Industrial: Engineering,6,6,,
BMO Harris Bank,Finance: Personal & Commercial Banking,6,6,,
Archer Daniels Midland,Natural Resources: Agriculture and Food Processing,6,,,
Quintiles Transnational,Pharmaceutical,6,,,
3M,Industrial: Diversified,6,12,,
"L Brands, Inc.","Retail: Shoes, Accessories and Apparel",6,3,,
Columbia University Medical Center,Healthcare: Hospitals & Clinics,6,6,,
Interbrand,Advertising,6,6,,
Pew Charitable Trusts,Philanthropy,6,6,,
University of Minnesota,Educational Services: College & Universities,6,6,,
AbbVie Inc.,Pharmaceutical,6,6,2,2
Amdocs,Technology: B2B Tech Services,6,,,
AP Staffing,Business Services: Staffing & Outsourcing,6,6,,
Sony Pictures Entertainment,Media: Entertainment,6,6,,
United States Steel Corporation,Natural Resources: Metals & Mining,6,,,
The Trium Group,Consulting Services,6,,,
Farmers Insurance,Insurance: Property & Casualty,6,6,,
Michaels,"Retail: Crafts, Fabrics & Party Supplies",6,6,,
First Horizon National,Finance: Diversified,6,4,,
King & Spalding,Law Firm,6,,,
Blue Cross Blue Shield,Insurance: Health,6,6,,
"NRG Energy, Inc.",Natural Resources: Diversified Energy,6,6,,
The Home Depot,Retail: Furniture & Home Improvement,6,6,,
BASF,Natural Resources: Chemicals,6,,,
"Mondelez International, Inc.",Consumer Packaged Goods: Packaged Foods,6,,,
Tommy Hilfiger Corporation,"Retail: Shoes, Accessories and Apparel",6,,,
UnitedHealth Group,Insurance: Health,6,6,,
Parallon,Healthcare: Services,6,,,
Evergreen Healthcare,Healthcare: Hospitals & Clinics,6,6,,
neo@ogilvy,Advertising,6,,,
Raytheon Company,Technology: Security,5,7,,
Norfolk Southern Corporation,Transportation: Rail,5,4,,
"Homeyer Consulting Services, Inc.",Natural Resources: Chemicals,5,3,,
Comcast,Telecommunications,5,,,
New Hampshire Department of Health and Human Services,Government: State,5,7,,
Cisco Systems,Technology: Manufacturing,5,12,,
"Best Buy Co., Inc.",Retail: Electronics,5,7,,
PatientsLikeMe,Technology: Consumer Internet,5,7,,
"Ashland, Inc.",Natural Resources: Chemicals,5,,,
PC Connection,Technology: B2B Tech Services,5,1,,
NPD Group,Advertising: Market Research,5,7,,
Baptist Health South Florida,Healthcare: Hospitals & Clinics,5,7,,
Edward Jones,Finance: Diversified,5,10,0,0
websense,Technology: Security,5,7,,
Hologic,Healthcare: Medical Devices ,5,8,,
Bank of the West,Finance: Personal & Commercial Banking,5,6,,
Berkshire Hathaway,Conglomerate,5,0,,
Mount San Jacinto College,Educational Services: College & Universities,5,6,,
1-800-GOT-JUNK?,Services: Waste Management,5,,,
Banfield Pet Hospital,Healthcare: Animal Health,5,7,,
Straumann Group,Healthcare: Medical Devices ,5,7,,
Sunday River Skiway,Hospitality: Resorts,4,4,,
Major League Baseball,Sports,4,12,,
"American Electric Power Company, Inc.",Natural Resources: Electric Power Generation,4,,,
Winn Dixie,Retail: Supermarket Company,4,24,,
Cemex,Industrial: Building Materials Manufacturing,4,12,,
Discovery Education,Educational Services: E-Learning,4,,,
Avvo,Technology: Consumer Internet,4,,,
Home Shopping Network,Media: Television,4,8,,
Armstrong World Industries,Industrial: Building Materials Manufacturing,4,,,
Creighton University,Educational Services: College & Universities,4,,,
Scripps Health,Healthcare: Hospitals & Clinics,4,8,,
"APS Healthcare, Inc",Healthcare: Behavioral ,4,0,,
Keen,"Retail: Shoes, Accessories and Apparel",4,,,
Saks Fifth Avenue,Retail: Department Store,4,6,,
"City of Cincinnati, Ohio",Government: City,4,12,,
Ogilvy & Mather,Advertising,4,,,
VSA Partners,Advertising,4,,,
Legal Assistance of Western New York,Nonprofit: Legal,4,20,,
Children's Healthcare of Atlanta,Healthcare: Hospitals & Clinics,4,6,,
Association of American Medical Colleges,Nonprofit: Medical,4,6,,
Ralph Lauren,"Retail: Shoes, Accessories and Apparel",4,8,,
domo,Technology: Software,4,,,
Penguin Random House,Publishing,4,,,
"Mercury Network, LLC",Technology: Software,4,6,,
Galvanize,Educational Services: Professional Training,4,8,,
Burns & McDonnell,Industrial: Engineering,4,8,,
Moss Adams,Accounting Services,4,,,
American Institutes for Research,Nonprofit: Research,4,,,
New Relic,Technology: Software,4,,4,
Varian Medical Systems,Healthcare: Medical Devices ,4,,,
Sinai Health System,Healthcare: Hospitals & Clinics,4,8,,
Triage Consulting Group,Healthcare: Services,4,14,,
Evergage,Technology: Software,4,,,
Humana Inc.,Insurance: Health,4,12,4,4
Edgewell,Consumer Packaged Goods: Packaged Products,4,12,,
Sensata,Electronics: Manufacturing,4,,,
Massachusetts General Hospital,Healthcare: Hospitals & Clinics,4,8,,
"Lookout, Inc.",Technology: Security,4,,,
Nokia,Telecommunications,4,,,
Red Hat,Technology: Software,4,12,,
General assembly,Educational Services: Management,4,5,,
GovDelivery,Technology: Software,4,8,,
Verizon Communications,Telecommunications,4,8,,
Carter's Inc.,Retail: Baby products,4,6,,
Bio-Rad Laboratories,Healthcare: Biotechnology,4,8,,
Black Mountain Systems,Technology: Software,4,,,
Chevron,Natural Resources: Oil & Gas,3,26,0,0
Baylor University,Educational Services: College & Universities,3,9,,
R.R. Donnelley & Sons Company,Printing,3,9,,
Siemens,Conglomerate,3,6,,
Massachusetts Mutual Life Insurance Company,Insurance: Life,3,10,3,3
SanDisk,Technology: Manufacturing,3,12,,
Nsight Telservices,Telecommunications,3,9,,
parexel,Pharmaceutical,3,,,
"Neustar, Inc.",Technology: B2B Tech Services,3,,,
WellStar Health System,Healthcare: Hospitals & Clinics,3,52,,
Research Square,Educational Services: Management,3,,,
Duke University,Educational Services: College & Universities,3,9,,
The Kroger Company,Retail: Supermarket Company,3,6,,
DeVry,Educational Services: College & Universities,3,9,,
University of California Berkeley,Educational Services: College & Universities,3,6,,
Bloomberg Law,Information Services: Legal,3,,,
Northrop Grumman Corporation,Defense & Space,3,12,,
"Nordstrom, Inc.",Retail: Department Store,3,9,,
Capgemini,Consulting Services,3,,,
University of Houston,Educational Services: College & Universities,3,6,,
Robert Half International,Business Services: Staffing & Outsourcing,3,9,,
American Councils for International Education,Nonprofit: Education,3,6,,
FedEx Corporation,Transportation: Couriers & Delivery,3,7,,
George Mason University,Educational Services: College & Universities,3,6,,
"Staples, Inc.",Retail: Stationary & Office Supplies,3,6,,
The University of Texas at Austin,Educational Services: College & Universities,3,9,,
Qualcomm Incorporated,Telecommunications,3,6,,
CHI Health,Healthcare: Hospitals & Clinics,3,9,,
Columbia sportswear,"Retail: Shoes, Accessories and Apparel",3,6,,
ManpowerGroup Inc.,Business Services: Staffing & Outsourcing,3,12,,
Sleep number,Retail: Furniture & Home Improvement,3,9,,
2U,Educational Services: E-Learning,3,,,
CME Group,Finance: Diversified,2,10,0,
William Morris Endeavor,Arts & Entertainment,2,,,
Orbital ATK,Defense & Space,2,,,
McGaw Medical Center of Northwestern University,Healthcare: Hospitals & Clinics,2,,2,
SC johnson,Consumer Packaged Goods: Packaged Products,2,,,
Aerotek Staffing Agency,Business Services: Staffing & Outsourcing,2,,,
Institute for Sustainable Communities,Nonprofit: Civic & Social,2,12,12,12
QVC,Retail: Online,2,6,,
One Kings Lane,Retail: Furniture & Home Improvement,2,5,,
Jones Lang LaSalle,Real Estate: Development & Management,2,12,,
constant contact,Advertising,2,10,,
The State of Massachusetts,Government: State,2,8,,
New York Mercantile Exchange,Information Services: Financial,2,10,,
LeadPages,Technology: Software,2,0,,
Care Dimensions,Healthcare: Hospitals & Clinics,2,6,,
a9,Technology: Software,2,,,
Liberty Mutual Group,Insurance: Property & Casualty,2,10,,
Advent Software,Technology: Software,2,11,,
Chipotle Mexican Grill,Hospitality: Restaurants,2,10,,
U.S. Department of Veterans Affairs,Government: Federal,2,16,,
TechTarget,Technology: B2B Tech Services,2,0,,
AKQA,Advertising,2,0,,
Intouch Solutions,Advertising,2,,,
AEGON,Finance: Diversified,2,,,
Cutters Studios,Design,2,10,,
"Handpick, Inc.",Technology: Consumer Internet,2,0,,
Harrison and Star,Advertising,1,,,
Carlson Wagonlit Travel,"Leisure, Travel & Tourism",1,,,
International Institute for Sustainable Development,Nonprofit: Public Policy,1,4,,
TGI Fridays,Hospitality: Restaurants,1,,,
Ikea,Retail: Furniture & Home Improvement,1,8,,
Coupa,Technology: Software,1,10,,
Boston Beer Company,Consumer Packaged Goods: Beverages,1,,,
Equinix Inc,Technology: B2B Tech Services,1,,,
CubeSmart,Real Estate: Other,1,11,,
Schoolzilla,Technology: B2B Tech Services,1,,,
Meredith Corporation,Media: Diversified,1,,,
Ketchum,Public Relations,1,,,
Association Management Center,Business Services: Other,1,,,
Benco Dental,Healthcare: Medical Devices ,1,,,
Martha Stewart Living Omnimedia,Media: Diversified,1,6,,
Western Digital Corporation,Technology: Manufacturing,1,12,,
Cardinal Health,Pharmaceutical,1,11,,
Princeton Review,Educational Services: Management,1,,,
Tesla Motors,Automotive: Manufacturers,1,,,
Alaska Airlines,Transportation: Passenger Air,1,12,,
Air Liquide,Natural Resources: Chemicals,0,12,,
Eastern Maine Community College,Educational Services: College & Universities,0,,,
Visiting Nurse Service of New York,Healthcare: Family Care,0,6,,
DineEquity Inc.,Hospitality: Restaurants,0,,,
Arkansas Department of Health,Government: State,0,12,,
State of North Carolina,Government: State,0,,,
Lutheran Family Services Rocky Mountains,Nonprofit: Family Care,0,,,
The Gettys Group,Industrial: Architecture & Design,0,6,,
University of Kansas Medical Center,Healthcare: Hospitals & Clinics,0,,,
Integral group,Industrial: Engineering,0,,,
Turnaround for Children,Nonprofit: Education,0,12,,
Financial recovery technologies,Technology: Financial Services,0,,,
Cardon Outreach,Healthcare: Services,0,,,
Tuacahn Center For The Arts,Nonprofit: Museums,0,12,,
Sodexo,Business Services: Food & Hospitality,0,12,,
SSB,Technology: B2B Tech Services,0,8,,
Esurance Insurance,Insurance: Property & Casualty,0,12,,
Sentara Healthcare,Healthcare: Hospitals & Clinics,0,12,,
America's Best Contacts & Eyeglasses,"Retail: Shoes, Accessories and Apparel",0,12,,
Social Security Administration,Government: Federal,0,12,,
HDR,Industrial: Diversified,0,12,,
Argento SC,"Retail: Crafts, Fabrics & Party Supplies",0,,,
Sempra Energy,Natural Resources: Electric & Gas Utility,0,18,,
Centers for Disease Control & Prevention,Government: Federal,0,12,,
"Alsco, Inc.",Textiles,0,,,
University of Dubuque,Educational Services: College & Universities,0,12,,
Loyola Marymount University,Educational Services: College & Universities,0,,,
Bendix Commercial Vehicle Systems,Automotive: Parts Manufacturing,0,12,,
Genesis Healthcare,Healthcare: Family Care,0,12,,
Stericycle,Healthcare: Services,0,,,
SS&C Technologies,Technology: Software,0,12,,
University of Tulsa,Educational Services: College & Universities,0,6,,
Walmart,Retail: General Merchandise,0,9,,
Sharp Microelectronics of the Americas,Technology: Manufacturing,0,12,,
University of Miami,Educational Services: College & Universities,0,12,,
Beth Israel Deaconess Medical Center,Healthcare: Hospitals & Clinics,0,12,,
Ballotpedia,Nonprofit: Public Policy,0,,,
Fairfax County Public Schools,Educational Services: School,0,6,,
menards,Retail: Furniture & Home Improvement,0,,,
The Florida State University,Educational Services: College & Universities,0,12,,
Carl's Jr.,Hospitality: Restaurants,0,,,
SEPTA,Transportation: Rail,0,12,,
ABB NZ,Electronics: Manufacturing,0,52,,
Tenet Healthcare Corporation,Healthcare: Diversified,0,12,,
United States Department of Defense,Government: Federal,0,12,,
Boston University,Educational Services: College & Universities,0,8,0,0
The American Council of Life Insurers,Insurance: Diversified,0,24,0,
Norwegian Cruise Line,"Leisure, Travel & Tourism",0,12,,
Planned Parenthood,Nonprofit: Healthcare,0,,,
alorica,Business Services: Technology Solutions,0,12,,
YMCA,Nonprofit: Civic & Social,0,12,,
ARES Corporation,Technology: Security,0,12,,
Legacy.com,Business Services: Technology Solutions,0,,,
The Field Museum,Nonprofit: Museums,0,,,
United States Department of State,Government: Federal,0,12,,
First Data Corporation,Technology: B2B Tech Services,0,12,,
sac wireless,Telecommunications,0,,,
Kate Somerville,Cosmetics,0,,,
Ball Aerospace,Aerospace,0,,,
Ahold,Retail: Supermarket Company,0,8,,
"Johnson, Mirmiran & Thompson (JMT)",Industrial: Engineering,0,,,
Lawrence & Russell PLC,Law Firm,0,8,,
Charles Schwab,Finance: Diversified,0,12,,
Pet Supplies Plus,Retail: General Merchandise,0,12,,
U-Haul,Transportation: Rental,0,12,,
Jhpiego,Nonprofit: Healthcare,0,12,,
Airgas Inc,Natural Resources: Energy Distributor,0,12,,
Precision for Medicine,Pharmaceutical,0,12,,
Xanterra Parks and Resorts,Hospitality: Resorts,0,6,,
RTI International,Nonprofit: Research,0,32,,
IU Health,Healthcare: Hospitals & Clinics,0,,,
"Delta Air Lines, Inc.",Transportation: Passenger Air,0,12,,
TD Bank,Finance: Personal & Commercial Banking,0,6,,
South Carolina Research Authority,Government: State,0,12,,
Federal Trade Commission,Government: Federal,0,12,,
Premier Staffing,Business Services: Staffing & Outsourcing,0,,,
JetBlue Airways,Transportation: Passenger Air,0,,,
KaBOOM!,Nonprofit: Development,0,12,,
Casa Monica hotel,Hospitality: Hotels,0,12,,
"University of California, Santa Cruz",Educational Services: College & Universities,0,6,,
Follett Corporation,Educational Services: Management,0,12,,
Community Impact Newspaper,Media: News,0,12,,
Leprino Foods,Consumer Packaged Goods: Packaged Foods,0,12,0,0
National Renewable Energy Laboratory,Government: Federal,0,12,0,0
Gorilla Group,Technology: B2B Tech Services,0,12,,
Spacex,Aerospace,0,12,,
Billabong,"Retail: Shoes, Accessories and Apparel",0,14,,
American Red Cross,Nonprofit: Humanitarian Aid Organization,0,6,,
Sunrise Senior Living,Services: Senior Living,0,12,0,
geek squad,Technology: B2B Tech Services,0,12,,
Heartland Dental,Healthcare: Services,0,12,,
Texas Children's Hospital,Healthcare: Hospitals & Clinics,0,12,,
Onward Search,Business Services: Staffing & Outsourcing,0,,,
Gucci,"Retail: Shoes, Accessories and Apparel",0,,,
Baltimore County Public Schools,Educational Services: School,0,12,,
Skyhook Wireless,Technology: B2B Tech Services ,0,,,
Banana Republic,"Retail: Shoes, Accessories and Apparel",0,12,,
Dana-Farber Cancer Institute,Healthcare: Hospitals & Clinics,0,12,,
Jenny Craig Inc.,Wellness & Fitness,0,12,,
Geico,Insurance: Property & Casualty,0,12,,
OWNZONES,Technology: Consumer Internet,0,12,,
The BNSF Railway,Transportation: Rail,0,,,
UT Southwestern Medical Center,Healthcare: Hospitals & Clinics,0,12,,
Culver's,Hospitality: Restaurants,0,12,,
California Primary Care Association,Nonprofit: Healthcare,0,12,,
Providence Health & Services,Healthcare: Hospitals & Clinics,0,12,,
Vanguard Group,Finance: Asset Management,0,0,,
Bright Horizons Family Solutions,Services: Daycare,0,,0,
Renown Regional Medical Center,Healthcare: Hospitals & Clinics,0,12,,
Boston Public Library,Nonprofit: Libraries,0,12,,
COPE Health Solutions,Healthcare: Services,0,,0,0
overstock.com,Retail: Online,0,12,,
Alpine Access,Business Services: Staffing & Outsourcing,0,6,,
Steward Healthcare,Healthcare: Services,0,12,,
Weis Markets,Retail: Supermarket Company,0,12,,
Grady Health System,Healthcare: Hospitals & Clinics,0,,,
Advanced Bionics Corporation,Healthcare: Medical Devices ,0,12,,
"Anne Arundel County, Maryland",Government: County,0,12,,
Panera Bread,Hospitality: Restaurants,0,5,,
DePaul University,Educational Services: College & Universities,0,12,,
Greystar,Real Estate: Development & Management,0,12,,
Payless ShoeSource,"Retail: Shoes, Accessories and Apparel",0,12,,
YWCA,Nonprofit: Civic & Social,0,6,,
Curtiss-Wright,Industrial: Diversified,0,12,,
Popeyes Louisiana Kitchen,Hospitality: Restaurants,0,12,,
State of Colorado,Government: State,0,,,
Xerox Corporation,Business Services: Technology Solutions,0,12,,
Progress Software,Technology: Software,0,12,,
Lahey Health,Healthcare: Hospitals & Clinics,0,12,,
Epic Systems,Technology: Software,0,9,,
Benefitfocus,Technology: Software,0,,,
University of Dayton,Educational Services: College & Universities,0,12,,
STEPS to End Family Violence,Nonprofit: Family Care,0,12,,
ADT Corporation,Technology: Security,0,12,,
University of Massachusetts Medical School,Educational Services: College & Universities,0,12,,
"F+W Media, Inc.",Media: Diversified,0,12,,
"Whole Foods Market, Inc.",Retail: Supermarket Company,0,16,,
Atlas Travel,"Leisure, Travel & Tourism",0,,,
CVS Health,Pharmacies & Drug Stores,0,15,0,0
Ashoka,Nonprofit: Civic & Social ,0,,,
"Department of Social Health Services, Washington State",Government: State,0,12,,
Food and Drug Administration,Government: Federal,0,,,
State of Washington,Government: State,0,12,,
Druva,Technology: Software,0,12,6,6
Compass Group USA,Business Services: Food & Hospitality,0,,,
Essendant,Wholesale,0,,,
Robert Graham,"Retail: Shoes, Accessories and Apparel",0,12,,
Superior Group,Business Services: Staffing & Outsourcing,0,,,
Texas Commission on Environmental Quality,Government: State,0,12,,
"Marriott International, Inc.",Hospitality: Hotels,0,12,,
La-Z-Boy,Industrial: Appliances & Furniture,0,,,
Infosys Ltd.,Technology: B2B Tech Services,0,12,,
NC State University,Educational Services: College & Universities,0,,,
Parsons Corporation,Industrial: Engineering,0,12,,
Colorado Public Radio,Media: Diversified ,0,,,
Pacific Gas and Electric Company,Natural Resources: Electric Power Generation,0,24,,
Jacobs Engineering Group Inc.,Industrial: Engineering,0,12,,
CAPS,Business Services: Other,0,,,
U.S. Department of Agriculture,Government: Federal,0,12,,
ASICS,"Retail: Shoes, Accessories and Apparel",0,17,,
American Chemical Society,Nonprofit: Science & Technology,0,,,
Babies,Retail: Department Store,0,12,,
Junior Achievement,Nonprofit: Education,0,,,
AlliedBarton Security Services,Business Services: Security,0,4,,
Elie Tahari,"Retail: Shoes, Accessories and Apparel",0,12,,
Active Network,Technology: Software,0,12,,
University of Washington,Educational Services: College & Universities,0,,,
"Spotsylvania County, Virginia",Government: County,0,12,,
OEConnection,Technology: Software,0,12,0,0
Univar,Natural Resources: Chemicals,0,12,,
LivingSocial,Technology: Consumer Internet,0,,,
Everlast Worldwide Inc,"Retail: Shoes, Accessories and Apparel",0,,,
DISH Network Corporation,Media: Television,0,6,4,4
Ashland University,Educational Services: College & Universities,0,12,,
Level 3 Communications,Telecommunications,,12,,
"Northwestern Mutual Life Insurance Company, Inc.",Insurance: Life,,12,,
Hobby Lobby,"Retail: Crafts, Fabrics & Party Supplies",,12,,
Xcel Energy Inc.,Natural Resources: Electric & Gas Utility,,12,,
Forest City,Real Estate: Development & Management,,12,,
Barnes & Noble,Retail: Books,,12,,
"Publix Super Markets, Inc.",Retail: Supermarket Company,,12,,
Cumulus Media,Media: Diversified,,12,,
Toyota,Automotive: Manufacturers,,12,,
Advocate Illinois Masonic Medical Center,Healthcare: Hospitals & Clinics,,12,,
"Johnson Controls, Inc.",Automotive: Parts Manufacturing,,12,,
JBS,Natural Resources: Agriculture and Food Processing,,12,,
University of Pennsylvania Health System,Healthcare: Hospitals & Clinics,,12,,
HNTB,Industrial: Engineering,,12,,
Archdiocese of Newark,Nonprofit: Religious ,,12,,
Broward College,Educational Services: College & Universities,,12,,
Marathon Petroleum,Natural Resources: Oil & Gas,,12,,
"EOG Resources, Inc.",Natural Resources: Oil & Gas,,20,,
Deluxe Corporation,Business Services: Other,,12,,
BJs Wholesale Club,Retail: Discount Store,,12,,
Arizona Department of Transportation,Government: State,,12,,
"Jabil Circuit, Inc.",Electronics: Manufacturing,,12,,
New York City Department of Education,Government: City,,12,,
Camp Gladiator,Wellness & Fitness,,12,,
Castleton Commodities International,Finance: Diversified,,12,,
Denny’s Restaurant,Hospitality: Restaurants,,12,,
Adecco S.A.,Business Services: Staffing & Outsourcing,,12,,
Booker Software,Technology: Software,,12,,
Concordia University Chicago,Educational Services: College & Universities,,12,,
Huntington Ingalls,Maritime,,12,,
Army Civilian Service,Government: Federal,,12,,
Dunkin Donuts,Hospitality: Restaurants,,6,,
Hyundai Motors,Automotive: Manufacturers,,12,,
Brookdale Senior Living,Services: Senior Living,,12,12,
Blusky Restoration Contractors,Industrial: Construction Company,,12,,
Kohl's Corporation,Retail: Department Store,,12,,
Suntrust Robinson Humphrey,Finance: Diversified,,12,,
Hormel Foods Corporation,Consumer Packaged Goods: Packaged Foods,,12,,
KFC,Hospitality: Restaurants,,6,,
Fresenius,Healthcare: Diversified,,12,,
Cracker barrel,Hospitality: Restaurants,,12,,
22squared,Advertising,,,2,2
Amtrak,Transportation: Rail,,12,,
"Micron Technology, Inc.",Technology: Manufacturing,,12,,
"iCIMS, Inc.",Technology: Software,,12,,
"BAUER Hockey, Inc",Sporting Goods,,2,,
virgin america,Transportation: Passenger Air,,12,,
Wynn Las Vegas,Hospitality: Casinos,,12,,
Tennenbaum Capital Partners,Finance: Asset Management,,12,,
ACLU,Nonprofit: Civic & Social ,,12,,
"American Airlines Group, Inc.",Transportation: Passenger Air,,9,,
Sprint Corporation,Telecommunications,,12,,
University of Pennsylvania,Educational Services: College & Universities,,12,,
Chester County Intermediate Unit,Educational Services: Management,,12,,
Express Scripts Holding,Pharmacies & Drug Stores,,12,,
Weyerhaeuser Company,Natural Resources: Agriculture and Food Processing,,12,,
Texas Christian University,Educational Services: College & Universities,,12,,
GrubHub,Technology: Consumer Internet,,,2,2
Equifax,Finance: Credit & Fund Services,,12,,
Wegmans Food Market,Retail: Supermarket Company,,12,,
Winston Salem State University,Educational Services: College & Universities,,12,,
Autodesk,Technology: Software,,12,,
Domino's Pizza,Hospitality: Restaurants,,12,,
Thermo Fisher Scientific Inc.,Healthcare: Biotechnology,,6,,
"ingles markets, inc",Retail: Supermarket Company,,12,,
CARE International,Nonprofit: Humanitarian Aid Organization,,12,,
RPS Group,Natural Resources: Renewables & Environment,,12,,
"Genworth Financial, Inc.",Insurance: Life,,12,,
Agilent Technologies,Healthcare: Biotechnology,,12,,
Emory University,Educational Services: College & Universities,,12,,
Advance Auto Parts,Automotive: Parts,,12,,
Peter Kiewit Sons Inc.,Industrial: Construction Company,,12,,
"Avis Budget Group, Inc.",Transportation: Rental,,12,,
The Chubb Corporation,Insurance: Property & Casualty,,12,,
Sams Club,Retail: Discount Store,,12,,
Jo-Ann Stores,"Retail: Crafts, Fabrics & Party Supplies",,12,,
Baptist Health Kentucky,Healthcare: Hospitals & Clinics,,12,,
American Cancer Society,Nonprofit: Medical,,6,,
Apple Gold Group,Hospitality: Restaurants,,12,,
Broadcom Corporation,Electronics: Manufacturing,,12,,
Textron Inc.,Conglomerate,,6,,
Bessemer Trust,Finance: Asset Management,,12,,
Clark Construction Group,Industrial: Construction Company,,12,,
Atos,Technology: B2B Tech Services,,12,,
City of New York,Government: City,,12,,
Flextronics,Electronics: Manufacturing,,12,,
United States Postal Service,Government: State,,12,,
Advocate Health Care,Healthcare: Hospitals & Clinics,,12,,
CohnReznick,Accounting Services,,,1,1
ZocDoc,Healthcare: Telemedicine,,7,,
"SunTrust Banks, Inc.",Finance: Personal & Commercial Banking,,12,,
datalot,Technology: B2B Tech Services,,12,,
Grifols,Pharmaceutical,,12,,12
Black Twig Communications,Public Relations,,0,,
Chicago Bridge & Iron,Industrial: Engineering,,12,,
baxalta,Healthcare: Biotechnology,,12,,
Premera Blue Cross,Insurance: Health,,12,,
VideoBlocks,Technology: Consumer Internet,,52,,
KBR,Industrial: Engineering,,12,0,0
Radio Shack,Retail: Electronics,,12,,
Teladoc,Healthcare: Services,,2,,
"HCA Holdings, Inc.",Healthcare: Hospitals & Clinics,,24,,
Proquest,Information Services: Diversified,,13,,
Standard Register,Printing,,12,,
ION Geophysical,Natural Resources: Oil & Gas,,12,,
food lion,Retail: Supermarket Company,,12,,
Moses Cone,Healthcare: Hospitals & Clinics,,12,,
Alcoa Inc.,Natural Resources: Metals & Mining,,12,,
Webster University,Educational Services: College & Universities,,12,,
Entergy Corporation,Natural Resources: Diversified Energy,,12,,
Delaware County Community College,Educational Services: College & Universities,,12,,
Berntson Porter & Company,Accounting Services,,12,,
Conde Nast,Media: Diversified,,12,,
Caesars Entertainment Corporation,Hospitality: Casinos,,12,,
Banner Health,Healthcare: Hospitals & Clinics,,12,,
Barnabas Health,Healthcare: Hospitals & Clinics,,12,,
American Medical Association,Nonprofit: Medical,,12,,
Gannett,Media: News,,12,,
YP.com,Technology: Consumer Internet,,12,,
Papa Johns,Hospitality: Restaurants,,12,,
Dun & Bradstreet,Information Services: Financial,,20,,
Apria Healthcare,Healthcare: Services,,12,,
"Ross Stores, Inc.",Retail: Discount Store,,12,,
BayCare,Healthcare: Hospitals & Clinics,,12,,
Aerojet Rocketdyne,Defense & Space,,12,,
Ex Libris Group,Technology: Software,,12,,
Barrick Gold Corporation,Natural Resources: Metals & Mining,,12,,
ON Semiconductor,Technology: Consumer Internet,,12,,
Anadarko Petroleum Corporation,Natural Resources: Oil & Gas,,12,,
Rent-A-Center,Transportation: Rental,,12,,
